	gpt-4o-mini	kimi	deepseek
Texte1	0.0	1.0	1.0
Texte2	0.5	0.4444444444444444	1.0
Texte3	0.5	0.5	1.0
Texte4	0.0	0.0	0.15384615384615383
Texte5	0.0	0.0	0.0
Texte6	0.5	0.7499999999999999	0.22222222222222224
Texte7	0.0	0.0	0.6666666666666666
Texte8	0.4	0.28571428571428575	0.28571428571428575
Texte9	0.4444444444444445	0.0	0.22222222222222224
Texte10	0.0	0.0	0.0
Texte11	0.0	0.6666666666666666	0.0
Texte12	0.0	0.0	0.0
Texte13	0.0	0.11764705882352941	0.1
