temperature	top-p	Texte1	Texte2	Texte3	Texte4	Texte5	Texte6	Texte7	Texte8	Texte9	Texte10	Texte11	Texte12	Texte13
2.0	1.0	0.6666666666666666	0.4444444444444445	0.28571428571428575	0.12121212121212123	0.0	0.2727272727272727	0.2857142857142857	0.2105263157894737	0.12903225806451615	0.1111111111111111	0.0	0.0	0.03846153846153846
1.5	1.0	0.6666666666666666	0.4444444444444445	0.5	0.1935483870967742	0.0	0.33333333333333337	0.24	0.18181818181818182	0.20689655172413793	0.10526315789473684	0.14285714285714288	0.0	0.04347826086956522
1.0	0.1	0.6666666666666666	0.4444444444444445	0.5	0.12903225806451615	0.0	0.33333333333333337	0.1	0.2	0.20689655172413793	0.1111111111111111	0.10526315789473685	0.0	0.041666666666666664
0.0	1.0	0.6666666666666666	0.4444444444444445	0.5	0.13333333333333333	0.0	0.33333333333333337	0.10526315789473685	0.18181818181818182	0.20689655172413793	0.13333333333333333	0.13333333333333333	0.0	0.045454545454545456
0.5	1.0	0.6666666666666666	0.4444444444444445	0.5	0.13333333333333333	0.0	0.33333333333333337	0.1	0.16666666666666666	0.20689655172413793	0.11764705882352942	0.10526315789473685	0.0	0.041666666666666664
1.0	0.5	0.6666666666666666	0.4444444444444445	0.5	0.13333333333333333	0.0	0.33333333333333337	0.1	0.2	0.20689655172413793	0.13333333333333333	0.14285714285714288	0.0	0.041666666666666664
1.0	1.0	0.6666666666666666	0.4444444444444445	0.5	0.18181818181818185	0.0	0.34782608695652173	0.10526315789473685	0.18181818181818182	0.20689655172413793	0.13333333333333333	0.14285714285714288	0.0	0.04
