temperature	top-p	Texte1	Texte2	Texte3	Texte4	Texte5	Texte6	Texte7	Texte8	Texte9	Texte10	Texte11	Texte12	Texte13
1.0	0.1	0.6666666666666666	0.46153846153846156	0.6666666666666666	0.07692307692307693	0.0	0.1111111111111111	0.3157894736842105	0.23529411764705882	0.07142857142857144	0.0	0.0	0.0	0.14634146341463414
0.0	1.0	0.6666666666666666	0.46153846153846156	0.6666666666666666	0.15384615384615385	0.0	0.1111111111111111	0.3157894736842105	0.23529411764705882	0.07407407407407407	0.0	0.0	0.0	0.0
0.5	1.0	0.6666666666666666	0.46153846153846156	0.6666666666666666	0.0	0.0	0.0	0.3157894736842105	0.23529411764705882	0.07407407407407407	0.0	0.0	0.0	0.09523809523809522
1.0	0.5	0.6666666666666666	0.46153846153846156	0.5	0.07142857142857144	0.0	0.1111111111111111	0.3157894736842105	0.23529411764705882	0.07407407407407407	0.0	0.0	0.0	0.0
1.0	1.0	0.6666666666666666	0.46153846153846156	0.6666666666666666	0.0	0.0	0.09999999999999999	0.11764705882352941	0.25	0.0909090909090909	0.0	0.0	0.0	0.13043478260869565
